{"initial_reset_timestamp": 1591225980.474755, "timestamps": [1591225991.643252], "episode_lengths": [1211], "episode_rewards": [190.0], "episode_types": ["t"]}