{"initial_reset_timestamp": 1591503287.922751, "timestamps": [1591503294.024489], "episode_lengths": [785], "episode_rewards": [1390.0], "episode_types": ["t"]}