{"initial_reset_timestamp": 1591509605.063791, "timestamps": [1591509609.5377228], "episode_lengths": [598], "episode_rewards": [70.0], "episode_types": ["t"]}